group_name,firm_code,true_archetype,is_anomaly,latent_commercial,latent_digital,latent_fandom,latent_instability,latent_prestige
BEDROCK,D,3,0,-0.46594854047671386,0.337231451809287,2.2318777175885876,0.26049482852234374,0.07289130635483002
SANDGRAIN,C,4,0,0.16917875570949492,-0.8936997539602948,-0.20441025395560275,1.4963462145630786,1.2063431295340699
VANGUARD,A,3,0,-0.7262362385473741,0.4031954105953903,1.9139069139045521,-0.8324310040463921,0.10111934746831604
BALLAD,A,5,0,1.280400804922913,0.19918172144960739,-0.4459165478340752,-0.11605671577987237,1.5847694803455743
CASTLE,B,4,0,-0.2817934909527636,0.3512851997691386,-2.0983651561181538,2.735808336289021,-0.3192017480682535
JACKKNIFE,G,2,0,-0.02915176080432902,1.5622340868042368,-0.8611709574729749,-0.6004636829821663,-0.23410003036306404
ENGINEROOM,E,5,0,0.31446129585102234,-0.4302921002632303,1.4042355677288514,-0.0812813366806894,2.4005299222610508
CROSSCUT,E,1,0,2.6344047049749593,1.2956218325373754,0.33598529175770353,-0.720332384720514,0.437580496140688
GRIDLOCK,G,4,0,0.4353170624761682,-0.5067899977905319,-0.007682792733745725,2.0941977482045964,-1.8572456954875203
JETBLACK,E,2,0,1.0690826728363552,2.7577035654014117,-1.590133954778652,-0.22059500292504178,-0.0687539417007903
KNUCKLE,B,5,0,-0.6213790448201619,0.7212083027729843,0.2577312698747968,0.8756889873795578,1.7306946134243233
YELLOWLINE,A,1,0,1.0942900462413605,-1.0023855317488106,0.9790168138558241,-0.6933028465123952,1.0014158695346347
QUARRY,E,5,0,0.8258415450039043,-1.3579070067576942,0.027459475828029666,-0.08488297563631356,3.076791240570584
WATERLINE,C,4,0,-0.13228244062065747,0.39597298484247956,-0.9108977339686455,1.8875090576166138,0.05585865492276443
MACHINERY,G,5,0,0.5665785998567449,0.040775058003084286,-0.2882797925650812,-0.4976635314190168,2.986168561947573
COUNTERPUNCH,G,2,0,-0.706055473560298,2.4353780387286568,-0.41691426189886754,0.37423440066115965,2.4535226135594965
BALCONY,C,4,0,-0.4422528614441937,-0.08462096546325686,-0.22093079179082115,2.3716199287801034,-0.656806105667317
WILDFIRE,B,2,0,-0.7830446088998391,2.681600271789222,-0.1141089531509989,-0.28095638339667006,0.36448637822090674
GROVE,C,4,1,0.6244859922744821,0.3672073534084511,-0.597829950584535,3.2894471484167997,0.07443444038201474
DRAGONFLY,G,2,0,-0.01352230671244059,3.0411463715913802,-0.5299026534740325,0.48148243165993826,1.10536767193871
DOWNFORCE,E,4,0,-1.5565817985550854,-0.16641706521244057,0.03204861280670013,1.227189443966394,-0.42889365618999326
LACE,F,2,0,-0.05083182694357491,1.8587455086895834,0.09036214397840911,-0.2745663654902583,0.7024686787711316
IRONSIDE,E,1,0,1.3863278339299998,-1.1165949513473121,0.18308426356541557,-0.7544647041782218,0.4752092588381046
CROSSWIRE,G,3,0,-0.8694318023809441,0.4780759584066768,1.47664151683486,-0.6788751968637574,-0.43156760688362306
PARCHMENT,A,2,0,-0.951837899763591,1.168876983821988,0.49581148016337245,0.14383964444502964,1.0645988242235944
CANDLE,E,2,0,0.9729596823108995,1.4559100436253933,0.7750647255124821,-0.21580804585240101,-0.049254257134043855
PUDDLE,G,2,0,-0.30056262749022256,1.3295822135753366,0.8182378936194409,1.1633429341185064,1.5579023941039472
LOCKET,A,5,0,0.8293888493414386,-0.802749624204552,-0.1249845591264295,0.9874845505884938,2.4319649975939512
PARADE,F,5,0,0.5417608513132195,0.2460750706608909,0.2412412306196366,0.35148404210307804,0.6112748485140616
XRAY,B,4,0,0.5016600557299664,0.44577578070332724,-0.3054929987127124,2.3971337797249253,-0.6204691439008135
COCOA,B,5,0,1.1204892510664644,1.0960554090845172,-0.21798304714569786,0.34149812225606563,1.975297332842202
IGNITION,D,5,0,-0.06899402086777873,1.9832964356157299,0.48794555272997575,-0.7386315819243977,3.2380093229699964
XENON,A,1,0,2.081512405104039,0.42222335449667664,-0.2454474902248439,-0.9183309166496197,0.3585286899096568
GINGER,A,5,0,-0.6903776014317631,1.5041448311746335,0.07635560102422749,0.9177535858411193,0.32903363333815383
DEADBOLT,F,5,0,-0.31615116451791514,0.7975875150309235,0.2596372752140056,0.15688487258995398,2.0743274893910004
RONDO,G,5,0,0.8493446326627953,-0.14426089840353862,0.8251467868953205,0.9972804275403532,2.949158657642683
LAGOON,D,3,0,-0.6977807574217865,0.019803479716379947,1.9085155118985517,-1.0905196588352595,-0.3103406694291379
SATIN,C,4,0,-2.3781103380635518,0.5909221819814218,-0.8914201536401394,0.6273180037600865,-1.1248001590127856
UNDERTOW,D,3,0,-0.18669969765425265,0.2567875020012916,1.3142983670382629,-0.5878019790651379,-0.3185066183610121
SWALLOW,B,1,0,1.5128570408651565,-0.13550523350409174,0.5845093233108952,-1.1004884813938227,1.2351170830317977
MURMUR,C,3,0,0.24015976140008757,0.6408318840044854,2.0053739105889052,-0.9573477463981697,-0.7709073860588938
ZEPPELIN,D,3,0,-0.5092338694724239,-0.12689128780830253,1.3345670467416797,-0.6912048235645064,-0.19550720730646157
XENOLITH,D,3,0,0.6112968063949705,-0.3786564952446376,1.958125429245022,-1.1227592341661552,-0.5235244702286654
KILOWATT,E,2,0,2.030480062510037,1.366068539271574,-0.42059174118198395,-0.41612636264839314,1.0922021808930946
SLIPSTREAM,B,2,0,0.08818807040476506,1.4685680704652837,0.15537522707192725,0.1495997408176843,0.5561353534355233
RAINDROP,G,5,0,1.6962741481224022,0.20895784302793785,0.5608193104303418,-0.6318101393459484,1.4555728182410854
VANILLA,B,5,0,1.640288226950334,0.558108639196457,-0.08268210964584376,0.13329999016532024,2.115942746723861
WHISPER,B,5,1,1.0293886519482442,1.1721021023141018,-1.4334872825455112,-0.8218296040200794,2.100737918873374
PAPRIKA,F,2,0,1.561643362229243,2.829290481973344,0.18350700836640427,0.25821172880350285,-1.0636581474261562
THUNDERHEAD,C,4,0,-0.8582185906789859,-0.5168031423081962,-1.3298902729429223,0.7263468460697238,-1.946437077484444
CHALK,C,4,0,-0.9055363208981451,0.02746857189553062,-0.08960021874188462,1.1438247514492854,-0.6182133795572134
CREEK,C,4,0,-0.1059747767334227,-0.8058295700240928,0.14808972161006273,1.2984443552289688,-1.6237900094951074
SILK,C,4,0,-0.828704137063059,0.3404169547862538,-0.2949796029693479,2.5533649020343856,-0.3799486454295752
WARPATH,G,2,0,1.983587275247085,2.1161233727581523,0.8533597672130153,0.6901971437963356,1.8925252029105835
RIVER,E,5,0,1.354694802357973,1.5517365746533711,0.5379539175903728,-0.7038750077533801,1.4459365834108935
TERRACE,B,3,0,0.27748890399510245,0.8816134776421399,2.7410461004854456,-0.04738002248297368,0.18385682587177174
ICICLE,A,1,0,2.7695579521111666,-0.986790119871442,0.23799785839299162,-0.597707147059108,0.9947512678305297
UPROOT,B,1,0,0.8316936714629559,-0.015676840144871102,-0.604974675320348,-0.6358508550375861,1.6646583778064226
LULLABY,A,3,1,-0.04789226706568693,-0.13387191882214072,0.23041248006539994,-0.6100763470713857,0.5797824832550832
LANTERN,E,2,0,1.170052036632525,2.10952448254782,0.9306551567362955,0.034600628097120674,-0.33941159433229595
BUNNY,C,4,0,-1.353899083445561,-0.946712532978129,0.15901859155440823,3.3963646067598736,0.24339676405585975
TIMBERLINE,B,5,0,1.213764298741682,0.39764613891220274,-0.2413883828952941,0.32351693431247297,2.757626984519505
INKWELL,C,5,0,0.8024493244661739,0.1615483894335364,-0.1451031008375621,0.3213186162243548,2.581209881161362
JUNCTION,E,1,0,1.2143592971053838,-1.1379966627985065,0.29517040536083716,-0.9489414379934574,1.1043180543878446
LEGEND,C,4,0,-2.0480962631856166,-0.18605963044240487,-0.610586053412933,0.8298333178935744,-0.6284041362358953
FOUNDRY,F,5,0,0.403162409225255,0.6753903179454358,0.9595669687419192,0.6633406657620788,2.1792797325010844
ZIGZAG,D,5,0,1.089482516088389,-0.31121199603216854,1.5217885936057285,0.04347112025027236,1.220917424652763
CONFETTI,C,4,0,-0.41060076955483954,0.8062692518566934,-0.22378822239042379,2.6475270700893647,-0.2317179242975575
ZEROHOUR,E,3,0,0.24069974024262958,0.16969370252603722,2.1109715765289123,-0.2845074171345604,0.09475162759021119
BLOOM,E,5,0,1.7709525486117452,1.322811090683102,0.45244746726711726,0.26013512445893633,1.7086325683347436
EDGELINE,D,5,0,-0.06144473990650057,0.8060735940851285,-0.771411923356658,-0.5451975277232336,2.9580242785756186
DRILLBIT,E,5,0,1.2402049676488192,1.482570208969048,-0.3318196444162074,0.7723857176419074,2.9959642222162426
DOVE,B,2,0,0.33507345867534755,3.5750454544690564,0.6140992530795256,-0.3601981001399083,1.288158965793878
ORCHID,C,4,0,-0.8345388417214428,0.6659442799702594,0.06959531648666673,0.2163918637524478,-0.5130424174947995
FLICKER,F,5,0,1.5816994819721222,0.7535582739946961,0.32075186363433617,0.3720161089595146,2.2130291323223377
HAILSTONE,E,5,0,1.0719020682185068,-1.4483733619165626,-0.14018393555590733,-0.05367306242294362,1.9446247363358964
DUSKFALL,F,2,0,-0.5434321430421654,1.9387094785926413,0.2140803704334524,0.2886758224811993,2.171193956244312
SCEPTER,C,4,0,0.42065538152567317,-0.5006536226091188,-1.2770706375017895,1.5094455751488174,-1.4001293231780392
MOONBEAM,C,4,0,0.015983039578211455,0.460013860580702,0.14437161997252024,1.9454196346360304,-0.7065278469929979
KEROSENE,E,5,0,0.08712359158585126,1.5314855287378923,0.18666361296917122,-0.5468642687993766,2.3974959756987744
LOADBEAR,B,5,0,0.6899986827500559,1.4106983942237907,-0.6411704908572268,-0.21060182602662908,1.8421128411289078
THYME,D,3,0,-0.34395533959701613,0.17960026796127507,1.008211186318357,-0.9110553146125405,0.07739650478351727
CAROL,B,3,0,-0.05004792363337393,0.30998149918279044,1.9662094954728584,-0.9803485224117852,0.1941602662619723
EASTGATE,D,3,0,-0.40380136214936563,0.00720720920736629,2.0059076380095493,1.2492030284328335,0.07809571472543317
GOLDRUSH,E,5,0,1.8248254067969871,0.9395493292555759,0.048890776536024284,-1.2788471855885026,1.7440076781973133
BREATH,A,5,0,0.9935876968873661,0.5478580835901047,-0.409532699292439,1.1890404556996612,2.0282289547824184
RIPTIDE,B,2,0,1.8072426682349754,1.3199950062451822,-1.3562146731665186,0.49686108402688783,0.9029411938161169
TIDEBREAK,C,4,0,-0.5046026779410885,-0.503005434097609,-0.5042028793754252,0.7153936001612271,-0.34555153819757545
CINNAMON,A,5,0,1.2411433539071561,0.7302583464855957,0.1312978803783282,-0.4762144127544616,2.3702442690277024
FIREFLY,F,4,0,0.38104513364688786,-0.2710750710982579,-0.7105430612948567,3.643729576461884,-0.7686639618846438
SOLSTICE,F,4,0,-0.8053907350070224,0.8811517755111034,0.7515199037374896,3.1539364399533754,-1.2162815400942046
CHAMOMILE,C,4,1,-0.4758372911778342,-0.22688770465277922,0.11930712180857539,2.4754069400159415,-0.39653786256386037
MADRIGAL,E,1,0,2.316812757071651,-0.16178502423421967,-0.46478913861719806,-0.7744789754412928,1.2208037568031875
MOTORCADE,G,5,0,0.7480507468534909,1.5918313608119883,-0.40611107363013405,0.2352472295411521,1.3361702895569674
PASTEL,F,2,0,-1.3354750976353564,2.7478812999164455,1.1755227724438784,-0.6402010870571915,-0.14662182582304406
KITTEN,E,5,0,0.8566521349285899,0.6361222623885356,-0.34164569217575946,0.47996157451607385,1.972821938064826
MAGNETITE,E,1,1,1.398036273258965,0.8116711953925626,-0.41255319798395707,-1.9869051570236034,0.6660429048598135
GRAVITON,F,2,0,1.1433990475492926,2.0598782766980572,0.278267677101079,-0.25056788080980835,0.8636779669713567
FAULTLINE,G,4,0,-0.055176333339828076,-0.2506738017956401,-0.9598937489412711,2.8443154986156496,0.3170114047636218
SHORELINE,A,1,0,1.3804859344034142,0.5929438316954415,0.48784426453568075,-1.0639618399187163,2.050592009780684
