streaming_log,chart_peak_inv_log,comeback_freq,mv_views_log,album_sales_log,award_nominations,music_show_wins,vocal_stability,choreo_complexity,concept_consistency,social_growth_pct,fan_cafe_log,merch_index,brand_deals,intl_fan_ratio,sentiment_polarity,viral_moments,fan_labor_log,member_count,debut_age_avg,training_months_avg,turnover_rate,contract_renewed,internal_conflict,company_tier,debut_year,years_active,gender,resource_allocation,market_saturation,group_name,firm_name
3.381921887759306,4.728051749143561,1.3489561878701768,4.421978616478334,1.960729843295292,4.958713177939677,0.8749375135422048,0.5572307336239318,51.42272563292834,0.6596971731329823,11.957278646156732,4.593856835421818,76.96876286286383,2.5219483228578183,0.7718729751832601,0.46301800596437725,1,3.1706026625908206,5,20.94983400926049,33.05215130742816,0.13063515338106232,0,0.3004548223293081,3,2018,8,0,0.45046732197026323,0.4082270060116632,BEDROCK,Pure Tone Collective
3.269711742980989,4.860950726974078,0.7954114078033173,3.714935532239946,2.192537515150772,3.9849731785666895,0.0,0.6124895419319137,37.195220607583785,0.1257508379864641,-1.9627572852613522,3.3968828677838476,53.351155722439,3.7231164540101984,0.11090241445702725,-0.027506125064022557,0,2.0532334997579857,5,20.340341332546924,19.603724540427088,0.4222523432149625,1,0.6708177792987764,2,2018,8,1,0.250053509527956,0.5694356882755626,SANDGRAIN,Apex Factory Media
3.4184616408247406,4.097646791162155,2.4154888357971247,4.92524407990155,2.420191878448481,2.8139176013130744,0.0,0.6337286276554863,58.34890792571416,0.7455250248405476,11.334310133194125,5.074276209580793,77.3172709185423,3.5355982850510896,0.7676678013433939,0.4006882300772754,2,2.871680539065096,7,20.243553851082957,36.160435433945416,0.05600349389364192,1,0.12766668818764015,5,2013,13,0,0.7921115839219047,0.0,VANGUARD,Stellar Entertainment
4.001186964244336,5.072263471064546,2.0687032538103924,4.1957998820386635,2.4792929202821417,12.108948186149775,3.7694470963160573,0.7896160796983711,56.23722175071631,1.0,2.2112251866042336,4.365597650933307,43.44068245404545,6.3515502706270714,0.24835249239163837,0.5143942295847298,3,1.3974621933584304,3,18.952124994187724,31.670429682194403,0.067148221911975,1,0.06740773521933464,5,2026,0,1,0.960578159004322,0.31254268405848507,BALLAD,Stellar Entertainment
4.806364148621233,4.369507731827786,0.39081223458007264,4.122132727953819,1.5020443635010245,6.281537218710628,0.29777345729617277,0.2761308452405312,67.27495901578095,0.004694566798285074,2.4000470075003464,3.124859797797587,8.039831191506293,0.2757923539189051,0.12962315698795376,-0.953284895846434,2,0.7900750773674616,3,23.285280566121568,6.0,0.6,0,0.8653413229407312,3,2026,0,1,0.39591703246874294,0.7648019104888781,CASTLE,Nova Wave Labs
4.640767753209078,4.707378364595909,1.7708528260744025,5.383007602625764,3.2018729869139313,5.851105682630925,3.7006850616373357,0.633777240980395,72.1950616217981,0.2965544396701332,8.418941978256603,3.6130671569612667,29.50714623866977,1.4892986737727543,0.38146874992871077,0.021488097684805363,4,1.7726298583710935,3,22.768119231289063,26.809460394280947,0.06145649814525081,1,0.1170089074409619,2,2013,13,0,0.44161397566349,0.24113251201033853,JACKKNIFE,Ember Rising Records
3.1704229521334724,4.8319544551583835,2.3551811841086523,5.32997169848776,3.368545303917759,9.962255265784199,2.425713064988041,0.7908179346066622,45.87002450763206,0.7517829746767255,3.1029351695066745,5.095972600831642,74.71172225429223,6.313216123893705,0.5529056483074573,0.7370325516609274,2,2.324417452046717,9,16.66530077130503,32.104766550641216,0.03402251170358672,1,0.06740841625900935,4,2019,7,0,0.664766475718953,0.3086242038148204,ENGINEROOM,Horizon Global Music
5.138611750388883,5.152705887737407,3.7730269196935016,5.012461408994433,3.794365246224217,15.54753477044207,8.414532697140269,0.8869982352873476,87.40646492474097,0.894000745789048,11.030126847601965,3.1944116675137204,67.69839253660442,7.25888730736128,0.4873264158843959,0.8516968787435485,3,2.258123642479038,7,19.772564677310218,59.95008865494032,0.07570116799709187,1,0.02242673913988897,4,2026,0,0,1.0,0.0,CROSSCUT,Horizon Global Music
2.5116741751836975,4.783129949642184,0.5763790597818318,3.87745660120295,1.5718070705518175,0.0,1.7197634519187535,0.2662222924600399,54.36717276213003,0.0,4.932034438584626,3.066416490104438,51.43647310547207,2.2101951617038003,0.24414624028821144,-0.5036364798438253,0,2.1039771974018655,9,24.651525299054644,21.87396037538722,0.5450587968226046,0,0.7139724768514605,2,2022,4,0,0.24511519178359664,0.8004365351252685,GRIDLOCK,Ember Rising Records
4.367304946603061,5.184312220155464,3.3496243153189647,6.11619525472009,2.655577016262498,11.039616633376227,5.164086382939959,0.7429272599895997,100.0,0.6445728441497068,13.677761908415428,2.80174431100939,25.229612805319235,5.423781338914327,0.4104062426587534,0.2261431718906188,6,1.1253044913160508,12,20.79921840206069,28.47027116509647,0.052184106574069224,1,0.08697833780022082,4,2012,14,0,0.8583519247760791,0.21512988550865536,JETBLACK,Horizon Global Music
3.200670778618569,4.683069104979218,1.0992796179743993,4.354092928188043,2.4148890189866057,7.791654861990658,2.139942685760449,0.5893898757002564,76.37392665745736,0.33473391529552915,10.578476355727807,3.176544572667888,27.167223443911016,2.6289259150442863,0.3664181784903808,-0.10283608390948348,4,2.243309329907525,8,18.796858689516384,17.586999600595195,0.29280446972445195,1,0.39345192596179773,3,2015,11,0,0.45951195568780384,0.357356754328754,KNUCKLE,Nova Wave Labs
3.5160611305236076,4.834256227192497,2.3871260670749592,3.902674091496378,3.513029373924101,10.214259472193712,0.41390206055553325,0.8182521908677134,50.93538556809014,1.0,2.75020237351022,4.418822349064549,66.92815144657744,6.548830596490602,0.3737463116805111,0.775055077306945,1,1.991070373531602,11,18.820448695346233,45.09828067301888,0.09159637950013455,1,0.05086090700308484,5,2015,11,0,1.0,0.0,YELLOWLINE,Stellar Entertainment
3.2564774979591706,5.146042181944727,2.11688821058144,3.9194757766991635,3.7345658453840724,15.910551649722546,0.0,0.720832565275408,26.400734399124005,0.8961274715888657,-1.477103612130373,2.456232491385319,49.099517749468255,6.415145630046346,0.13788672611907662,0.2370787102250862,1,1.8830698569301565,5,19.128548546541893,29.801931872716644,0.06106874136737665,1,0.08543294024156718,4,2018,8,0,0.7133386706830672,0.09293093222305968,QUARRY,Horizon Global Music
3.0217662879537333,4.845971681430548,0.9198766639966398,4.040427972229631,1.950825771466712,3.80826735479242,2.1873309637904637,0.5398262757414577,53.087353333773024,0.0,3.1429960975883677,2.6790377034454402,25.911324274047864,3.111783556398861,0.16507196294052592,-0.29266136764350137,1,2.0874782787224957,3,22.67792721403939,6.0,0.5997481175728839,1,0.7155805890771361,2,2025,1,0,0.16547791668702744,0.6661528716908107,WATERLINE,Apex Factory Media
3.575505795898198,5.0829813691957995,1.56937503255641,4.381463596105341,2.6557840969706383,10.911388629374482,4.714104657701405,0.7368093143491526,40.48300383401279,0.708708129725358,2.6354437359348566,3.8203322635585195,38.7585566947813,5.285135978117005,0.3029543514848676,0.42814888214172037,2,1.9970966838403057,7,17.226072623117126,22.558277498667792,0.06975395156058611,1,0.13290340899889194,2,2021,5,0,0.4617544281629827,0.18765715273248462,MACHINERY,Ember Rising Records
3.7585275154754854,4.820421699154512,0.8074187259479385,5.163622273659896,2.5265354284451895,10.32875578397178,0.0,0.5145233830566761,100.0,0.4034162550446373,16.398007446058855,3.295145378667358,0.6822568095628334,2.411068900399878,0.4581308462806097,-0.1447674693918172,7,1.7248948934905295,7,17.405428059711905,20.240313361786903,0.279843502739777,1,0.48136971858412597,2,2023,3,0,0.3128756637543232,0.24115296585717527,COUNTERPUNCH,Ember Rising Records
2.7052753272409733,4.655980435409671,0.3,3.275251181970691,1.8469826460407994,1.1117470672464247,0.0,0.42463097375378617,40.041029755874725,0.0,7.472790399592104,3.1399466597651644,33.072984099573226,0.34357527247807096,0.1668707883128547,-0.4333448006436691,0,1.6252718063538911,5,22.321764953591735,13.992685264342423,0.6,0,0.8915048211608196,2,2017,9,1,0.012202337319098033,0.5872579603577888,BALCONY,Apex Factory Media
3.8179598466668168,4.850456845664822,0.6525124206024927,6.105035418004414,1.5705352482320543,5.456160148754049,0.36292821741502124,0.6431637029473801,99.8784800060233,0.29509712388720005,12.17785049452328,3.0207512475509697,18.396127604659508,0.5916798716962144,0.6533797829965927,-0.11792207192474818,3,2.0858228234788587,3,16.335080688048745,22.477378326383814,0.06131839233258705,1,0.17448991507882147,3,2015,11,0,0.6442404904701025,0.3133685921235721,WILDFIRE,Nova Wave Labs
15.424948670398354,4.78885070229629,0.5106339513790006,4.771105580355432,2.6964615955898994,0.0,4.300198654965262,0.4261853905168354,53.11433741984367,0.1,6.71238941690201,2.790623779257943,16.77556422042711,3.1420710436434125,0.27826521193754694,-0.6676066449398272,15,1.6917678428099123,7,25.198353661666562,6.188334673504456,0.6,0,0.8981351304111389,2,2022,4,1,0.10370461721512801,0.9083719729829429,GROVE,Apex Factory Media
3.8976690735170774,4.956670417708663,1.1162505234365252,5.4872064881885585,2.3655924300900555,5.538219826462308,4.153262054817212,0.6714684849480578,98.20367231308293,0.2134432081959344,14.346297459012565,3.1780047040925945,20.514800589947768,2.767538436462931,0.5894643939005277,-0.2267194453122146,14,2.1359175132999044,6,18.144874416182375,16.049957243751674,0.2958717066878467,1,0.3628020848763787,2,2014,12,1,0.3729430496311192,0.5064992260822454,DRAGONFLY,Ember Rising Records
3.3420924267801757,4.570759186242485,0.3,2.716410424022621,1.6115100517891454,2.8150340171267403,0.0,0.3480626292101356,40.820033628442424,0.16969336745654284,3.4804489239964855,2.9379072038527356,31.83534753045266,0.980422663138464,0.35383246015932784,-0.7849487095857466,2,1.316231506135005,8,22.8532441426927,8.9641525643283,0.3454978046597298,0,0.7216729179361295,4,2019,7,0,0.3856923904193055,0.4794061101697067,DOWNFORCE,Horizon Global Music
4.522617171992002,4.969117498304668,1.7223586561600328,5.207944745246004,2.3103745967553233,10.181993800346664,2.0783358616713032,0.6787063160189083,84.3444854220661,0.44251741529462313,15.490732625408906,3.0326117690331906,57.14016521672636,3.1425020360151454,0.52143573619854,0.10867723703072223,4,3.11613014101439,7,20.914350031280854,26.90661033939258,0.0980248641291272,1,0.1488648525994811,3,2014,12,1,0.5300115508670933,0.2155805771126284,LACE,Pulse Digital Studios
3.7834093554093355,4.855180880265689,2.6378440384060413,3.5206999653055275,3.3838616919481157,15.548612641127042,0.4627583600265064,0.8088236396894349,29.384991208335393,0.7976319460215588,-2.44078158817773,2.6588122274992427,54.31263676517125,6.986536727879799,0.33936823013386047,0.46295196150348367,1,1.6735731683794444,4,17.843798110145897,41.086747822303515,0.0,1,0.04714680775762641,4,2020,6,0,0.8224830023625344,0.0,IRONSIDE,Horizon Global Music
4.143003418545794,4.373689831085933,1.6426555905111757,3.610718229256987,1.9142567454185677,3.5512817202284843,1.3127904024981003,0.5830203033129298,51.52801375745906,0.13750656480734266,10.032257634179462,3.489189668169464,58.26860804823195,0.22252461689526265,0.6124498159846965,0.2554521614018806,3,3.396885906103606,7,19.084311166801623,33.85668385285181,0.08372095586022182,1,0.2028421041596987,2,2012,14,0,0.5051353432322229,0.31432368991237225,CROSSWIRE,Ember Rising Records
2.6874214858360563,4.694290746150413,1.0526525122560884,4.388614885068754,2.308066274588924,9.219169391603883,2.473551783003999,0.6874424569097174,57.80302540608512,0.6792504264300083,8.362359284807955,3.1802896366411693,44.98209604862797,2.280746019537163,0.5223377201625308,0.2896009514121306,8,2.2983099709045294,10,19.372269434879698,22.099018718598106,0.15516475551047781,1,0.3035879108599392,5,2022,4,1,0.8719776060258516,0.18751580835504578,PARCHMENT,Stellar Entertainment
4.3248753389685275,5.1367655796934,2.5274673590029275,4.671757927965225,2.6929534819486474,5.441871592061146,5.122609576261416,0.7908268560413302,74.01254436583339,0.49338090602542567,10.502449471802793,4.0569335502587105,56.454293052023694,2.8951199209515748,0.6557319712524203,0.7476151944205375,5,2.9817291664470216,7,19.8137143160806,42.22275301329729,0.0,0,0.12578116791299954,4,2014,12,1,0.8221462569051479,0.19593884246865653,CANDLE,Horizon Global Music
3.748602995079562,4.718296457075157,0.5978790797710043,4.754890369382002,2.778676781910032,10.028905083419728,4.060316271366318,0.4192090097931523,77.04603277107135,0.1411936451921941,12.76000184614918,3.223788735623989,49.93189405237116,3.1732769697163645,0.5334349960341168,0.09584770298613099,4,2.8367040252402878,9,20.141809203541996,23.357159851421002,0.3457637507933526,0,0.5580802868032952,2,2019,7,1,0.3325327487989336,0.7758001293826314,PUDDLE,Ember Rising Records
3.516781461511331,4.967255170298093,1.8647079348282776,4.0238178585069795,3.397336012365244,13.353670612651523,2.7800940488824715,0.695533334293394,43.58830298040164,0.8931282013685837,0.18332657524635865,3.226642320159007,39.54689125218628,7.442407413279774,0.200482755582961,0.13099628670681163,1,1.6550686282714413,4,17.91566756723913,29.56139264802711,0.20234480861931461,1,0.3270941938646311,5,2021,5,1,0.9214361794029682,0.26387082657460104,LOCKET,Stellar Entertainment
4.118395561181161,4.801184696660543,1.4349326814984398,3.544308743067836,2.4182089543006198,14.771977539058973,2.17589046917224,0.6236570113868277,54.567283138661196,0.36605878445382867,6.252780432349095,3.91951276124351,37.816024839165195,4.7324204337242115,0.2181295539290144,0.43057398850289874,3,1.6941405632362185,3,20.40118107038012,23.10364128061225,0.06593772776074662,1,0.2256140883656356,3,2012,14,1,0.5406059814533074,0.3205682265107754,PARADE,Pulse Digital Studios
4.485633392200857,4.829447010038729,0.5936741675898969,4.703990285665405,2.407012159081164,6.746353263704407,3.8738122421589494,0.554803345670345,66.53162240756558,0.022181464847570255,2.1440161383652923,3.3073961006695107,43.02533286116173,3.0362416321694,0.03558722824086746,-0.34985144064153334,3,1.5874255527958103,3,24.442545000293766,17.503944974018495,0.4345441402322972,0,0.7960570915067953,3,2020,6,0,0.5492120774237216,0.583830004820482,XRAY,Nova Wave Labs
4.497618924855255,4.94206705789203,1.6824689496627243,4.579629896804018,2.908580037445565,11.032898419871822,3.6506354778995553,0.7533838533514968,78.95036701137712,0.7102311593299073,9.160259495608859,3.678626874981509,34.28049399670887,6.343204504730855,0.3592667467665815,0.2961205070658621,5,1.4446774845197823,9,19.779834494419468,30.472859299119495,0.10635223248380556,1,0.16803769875477206,3,2012,14,1,0.6472120125209847,0.30626877186460943,COCOA,Nova Wave Labs
4.64501865930142,4.985368603962291,2.4755794995493723,5.166310025172247,3.687929557532247,12.924002391373762,4.986267167951893,0.8293402844326576,82.88505981340583,1.0,15.123497515058983,3.511914755715457,45.07896635985073,5.464689523178286,0.6289864733507264,0.4936511207078901,8,2.0590349385327134,10,16.295850608680855,22.36501415415309,0.07080806875634241,1,0.10227477591655856,3,2020,6,0,0.626532224745648,0.11735868182770182,IGNITION,Pure Tone Collective
5.282981790301637,4.995239192588384,3.2606368909883545,4.9749446841355995,3.4066965716730855,10.905245390061268,5.527791803815985,0.842193646909208,100.0,1.0,6.414600428866589,3.2913624271193607,55.34143209319689,7.157257774174844,0.22124385735470814,0.7082152010501442,6,1.6614103516011014,9,18.90556086728286,37.789132275335575,0.021643889814221495,1,0.03911685815619078,5,2020,6,0,1.0,0.038471627759744484,XENON,Stellar Entertainment
3.60708698556633,4.7485093769705236,1.356171352976892,4.214811871381236,1.4954903827021202,14.866215346549872,0.0,0.4642021415427377,63.75467550020404,0.6870065543897068,11.821415312297404,3.192264627282054,34.40357185191634,4.015263583786177,0.5005522761422886,-0.11855622100429763,5,2.524247446253686,3,19.59215017093189,16.895317127144466,0.20074025155241615,1,0.6055026295571109,5,2012,14,1,0.7110128913617344,0.24423845926980553,GINGER,Stellar Entertainment
3.846893837076915,4.650442268987937,1.3592339934126327,4.329522228612514,2.536301522890471,1.826892410810002,0.0,0.7442988513126199,71.5994088576135,0.5683171321760593,8.94928459288694,2.942585474484019,37.45440199464803,2.94174275665034,0.5032814621387671,0.20842089408146114,9,1.887372394436263,12,19.655816295259534,16.774469728671274,0.1265048624468236,1,0.20054152437960712,3,2015,11,0,0.4774687819849521,0.42581107917717675,DEADBOLT,Pulse Digital Studios
3.8448689527701645,5.081212880802863,1.2678213526124018,4.487597833461049,2.9268759988027537,5.698895231349735,3.6450484627131097,0.5755022540653311,51.507422546145385,0.48759468082227214,5.900149534518232,4.137114753714875,49.26784039684276,5.455195696444085,0.2928946867002839,0.2524687809419672,7,2.172094579597456,9,19.27162207570809,31.42619382322729,0.1982663973336514,1,0.5011680583900053,2,2018,8,1,0.4418715344795395,0.5505593347756538,RONDO,Ember Rising Records
2.5835481512389302,4.292822413084311,1.7103903370017102,3.5542346686642534,2.2522645751277386,0.0,0.0,0.559081033315099,48.078085142992535,0.7497950385188877,8.823113623499049,4.979862999924126,62.22904087458463,1.5476313988298898,0.6017685695776079,0.6682144695017144,2,2.757594706540994,5,18.27152370194903,32.6747483338625,0.03519175602507012,0,0.0894992026890349,3,2014,12,1,0.5601017827291446,0.013198972353960794,LAGOON,Pure Tone Collective
2.794930444361846,3.334892927221404,0.3,4.41779811726871,0.7714342034847523,0.0,0.0,0.29742063111591904,30.503434618454044,0.0,5.9588943820394,2.069221225590163,9.472922861430094,0.0,0.32214187111039216,-0.7143995272027521,1,1.636162499415396,6,20.522905924743498,6.0,0.4315306574454891,0,0.6138787673432105,2,2013,13,1,0.09092842614074789,0.49235885077588437,SATIN,Apex Factory Media
3.419370893008866,4.6978164280173695,1.899041501666669,4.88618857311707,2.066772226803039,4.177220720494322,2.173756690364315,0.5947167086971463,52.623245899536606,0.7348556069911601,6.957542887413119,4.571933563597002,70.22935390764124,2.6374205646283797,0.49614473402126597,0.43948082047789383,4,1.7216505580114063,7,21.565930278068823,23.70355570475443,0.10196272882908183,0,0.12980944853666734,3,2020,6,0,0.5441322605179751,0.25070604114418404,UNDERTOW,Pure Tone Collective
4.265429244834961,5.088072113154941,3.3478973603415083,4.5654869911291245,3.6504048076440867,11.876324184606316,4.288097463631606,0.8298078252233396,66.69148556417073,0.940126988762727,2.849987424825785,3.707135222073577,79.79562516647763,4.571637969216875,0.3458824604550367,0.6846670113064567,5,2.27088300959955,4,17.293120280632174,45.73104680565164,0.046152534743497384,1,0.02989804929792792,3,2022,4,1,0.8065746045422323,0.12532870222977535,SWALLOW,Nova Wave Labs
3.9422308328669926,4.818915259963011,2.854210701628314,4.484204656397886,1.9627708300436244,0.42236132876140475,2.024392313644555,0.6767948683046731,73.91065556262956,0.2888944941291175,14.905927269797907,4.6816820523756295,70.85990751953646,1.9133345348516049,0.7470956281203496,0.9186754451797807,5,3.479282777332991,4,20.687038324914667,45.550273747724496,0.04364855147289863,1,0.06101824896315579,2,2024,2,1,0.496057852779483,0.16903925110046203,MURMUR,Apex Factory Media
4.4746511515163565,4.425054082973263,1.575906505876235,3.2239744054433226,2.177462318847013,5.883699293221369,1.0765742704290377,0.6453733954516679,42.878867644458346,0.5804083791340348,5.2381869385965,3.7902472870360326,71.16698159774758,1.1917581992802053,0.5563403715087395,0.6782116084613767,1,2.6397414762548808,6,19.087350462365308,29.73440133814514,0.043284867896418555,1,0.0868065599875725,3,2012,14,0,0.5022281807660012,0.2571549709053619,ZEPPELIN,Pure Tone Collective
3.2166873865886645,4.965261491057462,2.829965643106088,4.174316421520159,2.315555099967779,7.069991461407906,2.4257596184043195,0.7727864458062532,56.01232295350483,0.7976051301125036,10.24742755838875,5.088169477532831,66.7030305739495,3.9750367705646297,0.5398172284693654,0.6879233962702731,1,2.6740368537318955,4,20.477512163874678,40.33643539265046,0.030759407499233674,1,0.03705417786765141,3,2026,0,0,0.6501022258108297,0.11543688784918965,XENOLITH,Pure Tone Collective
5.900408454773545,5.02293670981133,2.9106008122888216,4.845572933470982,3.6575740280174105,8.5400484476713,5.901174247678045,0.8711088421707134,97.57028575818126,0.8556799962284793,11.970808954009485,3.25163353644474,54.15793271292469,7.140934655188247,0.5039351566768344,0.614592191046703,4,2.472854016445347,8,20.723877794416392,40.35327255750369,0.09372282696693268,1,0.06599251358317204,4,2017,9,0,0.9533411610921985,0.07058023437955818,KILOWATT,Horizon Global Music
4.332008288507363,4.810785576128828,1.111164430832219,4.344880785455422,2.3174291630802455,8.108296105552318,3.155598779506108,0.7248428844972213,91.81058183502846,0.45855501641651325,13.105070746714764,3.347292155407165,62.83237030548794,2.8558813355470996,0.30858492782358654,0.14610768241789335,8,2.1381394157651035,7,22.34882870663538,27.25958213028545,0.10759510173946614,1,0.1964893797496695,3,2018,8,0,0.565131180683495,0.32279565764673773,SLIPSTREAM,Nova Wave Labs
5.212992415780637,4.969243027569178,3.0650699444679192,4.490967398722251,2.8323918650359365,9.446946527191901,5.035869254780662,0.750300908108993,80.20782636972392,0.5432953454420966,5.495586218414716,4.01939033641645,66.71465007739364,6.751270669434938,0.37686812508772166,0.7449254739326261,4,2.4580657789449405,5,17.801298459469287,46.67013225441956,0.022258432514907302,1,0.08004497866268087,2,2014,12,1,0.6915880298390717,0.1878679864170513,RAINDROP,Ember Rising Records
4.867849112941486,5.11333685253798,2.8689108328241786,4.197241892745722,3.59261663553916,12.241705198452745,2.004795861858386,0.7508131916322683,58.52935713195743,0.8152358250726346,5.406732778146199,3.7535543080055307,69.42593959104617,6.973264954984038,0.33131284612077927,0.46303318597193655,4,2.0114480073537355,7,19.476301732777358,35.64260301217703,0.05067838701642141,1,0.10760727811671117,3,2025,1,1,0.6579708603606188,0.3561499260790789,VANILLA,Nova Wave Labs
3.9959750136075884,5.089889999724942,3.5,4.961627746976531,3.1214926810417545,13.892154489652764,3.7311912567833945,0.7838276485623227,87.8747871037085,0.6622196412929688,3.6558036757783197,3.0915979914351044,15.756466001015834,4.918785895620408,0.8,0.27266380973898385,2,8.517393171418904,4,16.575841930613926,24.72811013834302,0.025963414765961864,1,0.03995679406953988,3,2015,11,1,0.2,0.17912361444870264,WHISPER,Nova Wave Labs
5.1327676689164745,5.138548632757167,2.7542156838232246,6.327856004528299,2.4069631770903097,6.516516276767983,5.851435232424484,0.6337235271573423,97.81362742230762,0.2466345046768218,18.693489467152215,3.0711654473260284,63.958115438879204,3.296393582462594,0.6932773104711049,0.31345810516391337,7,2.7980748878473816,7,20.68521773503908,32.05330102061253,0.03320423244348572,1,0.1418897871819271,3,2022,4,1,0.695409015855945,0.2918682307570423,PAPRIKA,Pulse Digital Studios
3.8461979815269536,4.269712693221712,1.572319449787651,4.307739677990448,1.6183754591117387,1.8560904164820378,0.0,0.2790614315434381,40.79760281357449,0.0,-1.0571212008165027,2.722386896510224,0.0,0.0,0.04901589776773643,-0.3878285061976988,0,1.1205726418145217,7,21.866660336655578,6.0,0.31214344507875796,0,0.4251055173951789,2,2022,4,0,0.23581137392370116,0.4645536169115206,THUNDERHEAD,Apex Factory Media
3.10124146350631,4.5241534646814285,0.3,3.6851784612631726,1.693488367836833,0.1206213094663604,0.0,0.5228771569888742,40.795702207895864,0.0,3.325342436255307,2.619464562943006,29.703018321403793,0.9676610782811932,0.21488096085215105,-0.04205619451329523,3,2.082031906483397,3,23.799769494456914,6.625431950925227,0.42669009375960376,0,0.5895911191844988,2,2021,5,1,0.10555600876965696,0.5519586944736173,CHALK,Apex Factory Media
3.3322502410586283,4.43833143636503,0.9630800088264304,3.5785041012974634,2.147383345743618,0.0,0.0,0.4779258537231008,46.39326723867198,0.0,6.510264816599685,3.471407759229558,26.34048623100408,1.067990529281675,0.03430246246441118,-0.15734873596503113,0,2.345606041968972,5,20.217359213393063,21.770713521504106,0.4753006481575,0,0.6731177149689617,2,2023,3,1,0.1965021969532421,0.6386049762604606,CREEK,Apex Factory Media
2.7277100935213068,4.425523930319259,0.3,3.4008536601088886,1.7615814220305204,2.3741252709990017,0.0,0.4357379775050636,61.11106604305491,0.0,8.447098403652584,2.5468224042451943,18.18082863106282,0.6802963226240842,0.22880267199730384,-0.594231126568441,3,2.231936239442929,7,23.313876461670137,6.0,0.6,0,0.8994773542347331,2,2021,5,1,0.09028612482065296,0.6903732985809625,SILK,Apex Factory Media
5.810724026280618,5.150206812905069,2.1240204974077566,6.998571445930976,4.080597056510033,8.355944660409834,4.526589059763431,0.747007832455386,92.06355286537038,0.6217568635343764,14.480964200622159,4.216665665847313,71.95500373185742,6.39131937814582,0.708748129760025,0.5070400076219251,10,2.9401229304620484,3,19.35847920767373,43.87825620195119,0.169181363359747,1,0.20310460379134618,2,2017,9,0,0.36676241239939755,0.506333154398782,WARPATH,Ember Rising Records
5.0048304953321425,5.210594970273812,3.1343169611238912,6.016313492896899,3.252440885724999,12.995880830843479,6.179561033534988,0.8209776995721937,89.49717899789802,0.9867042463113996,12.281422001754267,3.3262843919489313,53.570085071659676,6.598707406668178,0.6563365392974125,0.7919724379225738,10,2.7286609198811127,8,16.010579076549554,41.55562798659134,0.0,0,0.047759157525390845,4,2014,12,1,0.8901456371744461,0.19129786226289425,RIVER,Horizon Global Music
3.7370833061259687,4.726613887201914,1.0977920232304936,4.885320211767272,1.7227985529150236,5.052274501279662,4.301777668501172,0.7836185568148355,54.50003210043688,0.6513620608224603,12.922394533348374,5.077317571279066,100.0,2.0806629878624596,0.814241706579918,0.5042502503106123,5,3.3564415794060953,3,19.994347095233934,42.59583458745888,0.14831561167294427,0,0.1532616495384744,3,2019,7,1,0.6370944875527723,0.2798287449030523,TERRACE,Nova Wave Labs
4.602823944213915,5.230026327334042,3.6803497116511723,5.121646915202359,4.549198376632109,15.925761739566223,3.5851201837818225,0.8597961107367617,42.44016752479829,1.0,2.6320619580225384,3.476113207630455,85.70666769035904,8.229576223551723,0.17503079421852413,0.9115757915365915,0,2.123996624883097,5,19.180326932922284,58.07711762226491,0.0824746191135175,1,0.030972357285530227,5,2020,6,1,1.0,0.007413626086780821,ICICLE,Stellar Entertainment
3.9706120612106375,5.03852899103641,2.7037463796578742,4.432319681721322,2.931249647123919,13.441106443812219,3.9244023619055524,0.854193897337896,69.26021215221735,0.6907200178729129,3.851568541446944,3.3833205547820167,37.5449564077373,6.32961838764024,0.13401555828096795,0.5946688050666692,3,1.7111663089796616,6,17.45717612559696,27.584853120299673,0.05425749503135623,1,0.05772688879234811,3,2026,0,0,0.6486408962062771,0.20203930507733547,UPROOT,Nova Wave Labs
11.51293546492023,4.828357402207017,2.403389381414378,3.9409994225039346,2.3306019743606,6.473183360162002,1.2004792041213663,0.6588421247885681,40.03827511660863,0.935255363450685,8.063805460056836,4.118604544038128,46.471189000504936,4.08215784909196,0.27497279740626923,0.5063137604445967,0,1.3937966219643447,8,18.357021311261068,31.060740012255376,0.4,0,0.9,5,2025,1,1,0.9381155855840578,0.0,LULLABY,Stellar Entertainment
4.636173902469819,5.13140707260073,3.0306606600202843,5.176991664299877,3.35195245296887,9.834397392638532,4.613889033210989,0.7265991969407019,89.49146001004726,0.6975341967549924,15.476570494051177,4.3482561210398805,64.46932778570078,3.5323792708157917,0.9478649526660252,0.5039180242040171,9,3.45905280071098,5,20.061166682095404,47.22786715938355,0.046955738257271305,1,0.12706969476021698,4,2023,3,1,0.7618264355772919,0.13249828382537246,LANTERN,Horizon Global Music
1.5519540037297537,4.575601621437888,0.3,3.6451481376923716,1.3616864713931172,2.041603319367429,0.510291900718221,0.34731361853067927,24.946907898713555,0.0,1.3763315333838961,2.8713500643811876,32.337759758404616,0.3410207822367883,0.05582873396372963,-0.8445567132368941,0,1.6699888164952097,3,24.05686429242141,6.0,0.6,0,0.9661501206198347,2,2023,3,1,0.0,0.7981689034391061,BUNNY,Apex Factory Media
4.600909156278408,5.226862054426644,2.027331550976431,4.486848843553955,3.499317770808628,11.511797123676967,7.436005393470696,0.8179869359569044,52.584910613687285,0.7745847304773675,4.331962075952021,3.515883773612932,44.504995520061634,6.667441216670066,0.37431070121071297,0.38273220230886107,3,1.3468818439089787,5,17.725486401361824,35.229720642328985,0.11822293571125084,1,0.21697379871256653,3,2013,13,0,0.6379788202942979,0.14197431483244316,TIMBERLINE,Nova Wave Labs
4.539391985911996,5.0922371462273475,1.906643604781601,5.246125520361394,2.6455583357515313,10.796070932914882,4.081776701751917,0.8284671835308234,76.82003605793943,0.574144334071973,6.343990513402276,3.030118603972808,31.240884244838295,6.329768761081076,0.12617610412200583,0.07011729523108887,2,1.782666145093419,7,19.47173799730828,39.25260577424421,0.1757222637881337,0,0.2815076437975375,2,2024,2,1,0.32319267617128083,0.4338175574973062,INKWELL,Apex Factory Media
3.920313583393152,5.110198312177641,3.135101084728787,3.725031609951648,2.9814986930344096,11.257122588717262,0.0,0.7964840898497774,46.49154673570318,0.9006857640450374,-0.5399265083921263,2.9496599545081867,65.41489086746962,6.273334975127902,0.30951858995464165,1.0,0,1.7296226746904553,9,19.79612742164274,40.768368748392376,0.025920957565009096,1,0.04894960719717497,4,2020,6,0,0.9606410913359583,0.0,JUNCTION,Horizon Global Music
2.0198202929125486,4.063611239808618,0.6292482227479144,3.65476574578571,0.9003519857127898,0.0,0.0,0.3371165038336761,30.473447558277943,0.0,0.8058231143614765,2.6017206686195995,14.870682613746771,0.0,0.15583954983290588,-0.6961736492537973,0,1.5984979696086141,5,21.494156718219276,13.228221884903668,0.4485634418144148,0,0.6315178664365704,2,2014,12,1,0.07927077713456403,0.4500850770699216,LEGEND,Apex Factory Media
4.161817008257992,5.033652558775061,1.9303059984879123,4.187611666269372,2.997317176063719,9.693769814904291,4.018647688562786,0.7658583718062342,50.565101876092214,0.401206216196172,11.863236953255983,4.057556672305564,62.36541926357553,3.875827912668081,0.6172112292170555,0.09870522761141613,4,2.0033522959488725,5,19.637322753287915,28.137328586818747,0.11368491267825864,0,0.30897407126564796,3,2020,6,0,0.41862259921061334,0.3199345261858948,FOUNDRY,Pulse Digital Studios
4.017798764666202,4.897639994492653,2.0245242075745917,3.95701620730949,2.8641901920519417,11.337400595024437,0.6067511104435876,0.7693249917364413,60.66591723871127,0.9155864752408198,8.26663637073816,4.5069003508884276,71.55133662963534,5.325673645246974,0.46349750575744114,0.4137254290345421,4,2.5018801946694014,6,19.016045203679315,48.453623081851106,0.08373186294700631,0,0.2152494493538285,3,2017,9,0,0.5457537998176897,0.22898050343623128,ZIGZAG,Pure Tone Collective
2.782447118205771,4.557019402595163,0.3,4.34645227941765,2.210910139940182,1.798757798359947,0.0,0.40745910361304494,49.990468711012525,0.0,10.91898466879576,2.803216470455825,25.047540219618984,0.0,0.3511857988975619,-0.5776089848020942,1,1.9701299653070226,6,24.423752117347043,7.082882015891132,0.6,0,0.8714550907533913,2,2023,3,1,0.0,0.7526153488229782,CONFETTI,Apex Factory Media
4.285528882944113,4.586941284555467,2.199982872284707,3.8336247556431315,2.1264386227773993,7.838186506049529,2.419488213850805,0.5966577354664564,43.0596315018858,0.6306538171357781,12.883060342322922,4.807878852395225,62.93541515191016,5.557574834921508,0.7320055965467566,0.8159643399165692,3,3.517302974756427,9,18.920975142614157,31.887483007714938,0.03944925816398678,1,0.1521602690109746,4,2018,8,0,0.7435109732012324,0.020487231315327523,ZEROHOUR,Horizon Global Music
5.28353787007712,5.234664357279758,2.7692381825834724,4.8254085261165764,3.87940291447642,13.220191133751122,7.0878185877873685,0.8326172984950739,85.57554742489702,0.7030102984873339,12.169678354088354,3.5822738730847425,82.25892271072335,8.232299079980898,0.7250408913464914,0.4494800849388598,3,2.927973888567875,10,19.31392839208859,35.804143595736235,0.015601461000484679,1,0.08561603941426196,4,2014,12,1,0.8087487918545776,0.13553312596102599,BLOOM,Horizon Global Music
4.953814773948304,4.898411879512784,2.3794474998711355,4.314792468185003,2.3090122796497994,7.682232077959636,3.423065570710201,0.817895644371362,57.859966174194284,1.0,7.660667353030262,2.814874826758842,7.499917477626514,5.630794544846588,0.2553408022325866,-0.03026043596212344,6,1.3927486216904263,6,16.0,20.066842166880967,0.00965779295031012,1,0.11921007490354942,3,2020,6,0,0.5402540713236244,0.18887483493740934,EDGELINE,Pure Tone Collective
5.253496609459644,5.214203768998995,2.423611688937479,4.605572811920317,2.93869127047138,13.446614160962099,4.71993662915045,0.6513396542974308,79.39403355028469,1.0,13.773233183656135,2.568068711004698,46.78296591163329,8.173872885586869,0.4923292623574848,0.150879492146624,6,1.9199127914549188,12,19.642816393422894,28.594415895236754,0.16553650130911562,1,0.24857802123376393,4,2013,13,0,0.7851618234242536,0.29551591976209857,DRILLBIT,Horizon Global Music
5.564911358968303,5.13688302164166,2.725619205081508,5.942392138750324,2.602327849152636,11.095981729076879,5.360037047088454,0.7317180300330294,100.0,0.7037459312640819,21.53812436414315,4.956023260049201,42.28654523129234,5.98124592901548,0.780177190966678,0.24559010762478362,10,2.932073246121932,6,19.008397805545606,29.760575182882143,0.039010591459728614,1,0.12172791065820063,3,2020,6,1,0.6633124428696787,0.29316745342268796,DOVE,Nova Wave Labs
2.7950430507614072,4.514242699959154,0.3,4.556364842112415,1.7198193568048117,6.166726608099239,0.0,0.5078845878336307,50.65802146433758,0.14079591155730486,7.488036343114615,3.4099705948748946,22.313515958554312,0.0,0.3180628087843597,-0.23215682040868,3,2.7199831396127587,4,20.55533515779214,17.29963492167851,0.21692450896286225,0,0.40437759090646364,2,2022,4,1,0.2121845045083161,0.37963528053444695,ORCHID,Apex Factory Media
4.948504021184011,5.186784344653586,1.8055661361043402,4.232017490638816,3.275787922705253,15.988741614336648,5.208069381534079,0.7013434049993557,74.71049115253777,0.7348396267682916,10.502984644585359,2.884705344129796,71.12108252057779,7.007576287955711,0.42575303759528244,0.6522304907858971,4,2.219940293404536,7,19.015904141258627,28.127442031572556,0.07379832024187823,1,0.19040383620249982,3,2012,14,1,0.5289230946655059,0.2221038170304329,FLICKER,Pulse Digital Studios
3.3165548069717548,4.768829962610687,2.081266618449246,3.6723580847609556,3.490311942521447,16.82591173159673,3.3321694049953954,0.7655797152339926,38.63702352621959,0.9346724624019002,1.3656284986223723,2.568328068184994,43.91892612611254,5.009030160744706,0.22339746750762013,0.6140671450094572,0,1.4340079154283976,8,18.599971063379378,31.855457781113216,0.05547068443580138,1,0.13999219776918723,4,2022,4,1,0.829772690357351,0.05501164623804514,HAILSTONE,Horizon Global Music
3.91731668575936,4.897024251175891,1.7891268008215184,5.107100731805984,1.834543992661305,9.73133309693685,0.9909421278514974,0.5306192202523504,63.6471468731653,0.3015331656620485,14.11560614629992,3.1146889939193647,53.704265790579875,4.233111254719879,0.45234174939198013,-0.04843606511419264,6,2.2022949546384503,11,18.834341105047695,12.480782120384003,0.11472333395061285,1,0.3513459804928294,3,2012,14,0,0.4404281845558551,0.42843474587359354,DUSKFALL,Pulse Digital Studios
3.1155001685974697,4.669762525983926,0.893596060423099,4.1183599049293,2.3621843141442493,3.462483212162954,0.8454057204039201,0.5407292422526356,48.49560257133916,0.0,1.563906185353429,2.2308226167394354,0.0,1.9580806461850289,0.01960617753415156,-0.4029197960605644,0,1.3522924799932001,4,21.729873561557653,13.44568158306961,0.42124192350922823,1,0.7714946422401039,2,2012,14,1,0.23634486978755606,0.43004685643699786,SCEPTER,Apex Factory Media
3.5957079051149976,4.68829290225445,1.3839462568251721,5.017465906818714,2.3303171199925337,3.138878557727957,2.5835034790542197,0.48705401804092086,61.18554226205788,0.0,6.761523838547749,3.3899723364121446,31.563388262928104,2.805996256623769,0.5926947977117016,-0.641389445721142,3,1.5371008065421405,3,21.741704958228834,13.872051504938767,0.5925816124452657,0,0.7263561328944785,2,2012,14,1,0.15332748763803578,0.4957902424914989,MOONBEAM,Apex Factory Media
3.50972126626057,4.87818740801034,1.6491772794211215,5.290687327220861,2.591273789165775,11.086860275342787,2.902461839373202,0.7177166310270783,92.20282811134766,0.7782112283403256,15.108500135874536,3.902516781472354,27.637295250826742,6.514311392350283,0.6637855715254516,0.3059592604928415,2,2.2455015312113247,6,16.936135084493724,28.855876074304803,0.02989718920648592,0,0.1218784974131295,4,2016,10,0,0.768734440866198,0.11901979562966905,KEROSENE,Horizon Global Music
4.471001900460702,4.881693488360765,2.325508698260575,4.95709282740867,3.1461821206811647,2.606900693014145,2.827193051053107,0.709872221223569,84.27634195665561,0.8343350396683045,8.796543829098379,2.536988087369167,46.57703478027119,4.85710785081076,0.3755128333001125,0.25360334465213014,5,1.4363403537627464,4,18.38379400560476,33.24903509821182,0.0736708267441031,1,0.08945804426109404,3,2016,10,0,0.6957744230926216,0.2997453470944671,LOADBEAR,Nova Wave Labs
3.3777716696347593,4.501502007447215,1.867912155358476,2.869904405396491,2.0182749535512015,7.522571248164312,2.5399339464657564,0.6677560446786586,55.112788790819266,0.7247016379625781,8.310308609421126,3.534975473464596,59.92975950513878,1.6007173551202192,0.5930947684506269,0.4087811500533434,4,2.6520135366263826,5,19.983872559926635,29.422260577664225,0.02790198805971221,1,0.05940754806441034,3,2020,6,1,0.6588586619562061,0.27324308670538255,THYME,Pure Tone Collective
4.447604364725804,4.830007783100825,1.7348812859644318,4.417979190379378,1.7331043992669866,5.6557256582628375,0.0,0.6768599293896561,53.55354659589543,0.5824675186252921,12.82461714100723,4.543987475228823,72.30631280490816,2.5085738189283466,0.5441063584883601,0.9706856736432606,3,3.194806282233557,7,19.263462908514697,36.291670039078326,0.04453763965102106,1,0.05069744009333847,3,2018,8,1,0.5797917201556141,0.0,CAROL,Nova Wave Labs
3.227568855901545,4.5444375641978585,0.3,3.136959856656375,2.1989274497006113,7.40733105648061,0.48741623543115614,0.3678784429861398,36.233280345814414,0.48097694507841526,8.439563065740414,4.2614179606079166,69.53003837377231,2.7541844778922897,0.46076338658626037,0.02263430084483365,4,3.732053314154008,7,21.232995946003214,30.715051817046454,0.28879232750581074,1,0.6707450245306628,3,2022,4,0,0.35974381115368526,0.318362256598804,EASTGATE,Pure Tone Collective
5.3063302860207555,5.187990579301709,3.361764092784199,5.317443962451111,3.8066904258892937,12.998370832067422,5.603180260019507,0.912744475675791,72.50713316679519,1.0,10.6554845632728,3.743874656739091,60.34454296985308,6.623115825125256,0.4204651055364443,1.0,7,1.7876227935207434,4,16.961931858126675,44.21529103913732,0.00033163003630841403,1,0.015691768063784094,4,2016,10,0,0.9435181919654744,0.0,GOLDRUSH,Horizon Global Music
4.518612790033721,5.105972085989316,1.3681524361357233,4.674798008508001,3.174577083910888,14.648810446909845,3.8602894488126354,0.676347882893476,69.8616431267981,0.9156002014044246,7.199026149842503,3.7110775702851946,33.118456185803346,7.79822082594237,0.33438137621900293,-0.0641437960639594,7,1.4624027864749003,4,19.276617312693407,21.731085390886054,0.17219908820911062,1,0.3196339689692193,5,2012,14,1,0.8718612716212176,0.24567708892619874,BREATH,Stellar Entertainment
4.759479701241525,5.121189599707744,2.0300695287235184,6.186221933762284,2.6365667771135146,10.70622615826107,5.778822521394967,0.8532716775905097,84.3465232245641,0.7056691665222974,4.4792352482329445,1.7436059864011255,34.9008468612031,7.268979640118584,0.16586197538810465,0.3837937188900905,3,1.1864966529079854,5,20.300034875210873,31.070001508578862,0.06790675227809996,1,0.1309066431971388,3,2017,9,0,0.77485397427923,0.35634852358185604,RIPTIDE,Nova Wave Labs
2.2203564782855216,4.40593558811512,0.5832916754421555,3.8602537785406428,1.6866906963155213,4.716958629778072,0.0,0.6002985757620866,20.70386569847008,0.001995170680440843,1.1566084086889825,2.9513234214904442,31.860288367213677,1.2694732447121986,0.13169723529851277,-0.2536470297951262,0,1.8858076140935354,3,22.05385663584996,11.461792109551173,0.3254985401851962,0,0.47626391355366365,2,2014,12,0,0.11274872334297768,0.3756760725834985,TIDEBREAK,Apex Factory Media
5.2219748366907295,5.084844763821475,2.900041568888861,4.3330830013743755,3.7648650954413214,14.004016759755114,2.9384940840223495,0.8395410738778304,64.36917140255726,1.0,4.8196335173882225,4.250417337064142,69.1046496942261,8.54863826422148,0.38634848172128966,0.4363337124705937,5,2.015407009188771,5,17.02209325494426,36.07052334428394,0.0,1,0.08042677776229054,5,2014,12,1,1.0,0.014433013353300708,CINNAMON,Stellar Entertainment
3.9998164285381215,4.757554992513547,0.3,4.330995168531941,1.7724877650628512,5.2047732795147335,0.22445298277680692,0.35489763928649953,45.31976440068751,0.0,4.720030200257927,3.0434855102709117,18.388573385464266,2.9123620928198,0.13736370486485072,-0.6774255812948861,1,1.2555217745312577,3,25.053850323854494,8.669492906592282,0.6,0,0.9644250294279728,3,2017,9,1,0.19899415994030806,0.8333834131741601,FIREFLY,Pulse Digital Studios
3.0323890036501915,4.496179716484594,0.3,4.974725170307262,1.823057984810649,2.389675821990907,0.6694929331051998,0.40070720310990454,56.280117294730594,0.0,10.78605924758372,2.560963241722987,53.484531386526825,1.079549791246603,0.6330329501271456,-0.8719756525991246,5,2.1344784140977295,3,25.548009275335822,6.0,0.6,0,0.9246216775807536,3,2016,10,1,0.16739450415705098,0.8715178106464826,SOLSTICE,Pulse Digital Studios
15.894952224644102,5.303304908059076,0.5893252475360654,3.916506705834902,1.790577082928731,12.0,0.0,0.3287856650594701,33.65281326610255,0.0,2.563021601999377,3.752747775107961,42.372117082857045,2.7979773182017595,0.21289659648147347,-0.4894954935322195,1,2.01793394100733,4,25.44542593449996,9.898175055874976,0.6,0,0.8628582705176906,2,2019,7,1,0.10233479922707411,0.885840313229583,CHAMOMILE,Apex Factory Media
4.499326617671706,5.303304908059076,3.368457989864813,4.755944241520669,3.6933876937498558,17.530151694943722,3.968149117121409,0.8768206288854345,53.51530346568487,0.9532767300438595,2.3687997025142433,3.476580546389677,53.241763638309486,6.368374085472901,0.11164577275355522,0.6722491460110145,3,1.8207163807579523,12,18.650248891354053,51.66159062176229,0.0031324843935882224,1,0.03197846189519271,4,2015,11,1,0.9387857972856495,0.05703110423240297,MADRIGAL,Horizon Global Music
4.621222668064432,4.914544584199995,1.6850174751490603,5.234838966179638,2.558935414747778,12.144212181415913,2.5115175995627754,0.7771017675744241,87.76202903195941,0.46627136392227764,14.013414265555365,3.535940076988043,37.01176927222445,4.151880549934387,0.3854077692029452,0.24638149166616669,8,2.028808869164276,7,16.29509722053645,23.18771777443698,0.13559650880871416,1,0.2935409426605281,2,2025,1,0,0.47934397956490205,0.3775918986014004,MOTORCADE,Ember Rising Records
2.8200131703049043,4.59264301745663,0.5598509563310855,4.901198446089666,1.906387318895009,0.7543703493144254,3.4703073733314524,0.49026563570163606,63.993627849644156,0.17974655299234454,18.071127466234845,3.5994360194760335,37.37181615303413,1.1916298449722293,0.9622291775801723,0.1712771248582937,6,2.5313097732083905,4,18.879271663280893,17.577735201452185,0.08976342687792166,1,0.13150528116921661,3,2025,1,1,0.4808924220444578,0.13853523796837514,PASTEL,Pulse Digital Studios
4.739679118373777,4.979043022950657,1.8955761426772737,3.6332925395584086,3.4602277771943553,13.752274196653403,0.9300306735812485,0.7106968211934694,48.86542251949008,0.7835789286070284,7.087826446758424,3.4467546159067495,22.93204430467574,5.59679881373253,0.4438649076329461,0.09167410338764434,7,1.2724635378484066,3,18.24616532894241,33.38348189884636,0.19701133280727412,1,0.15787372143483036,4,2016,10,1,0.8027582239155743,0.2722210465193216,KITTEN,Horizon Global Music
15.424948670398354,5.071432470594562,3.3304750593580295,4.873940409372606,3.347628313509497,0.0,6.1711554545593685,0.8589856901568953,77.13016789398071,0.1,3.376842757353095,3.41979162681092,49.69297395261557,8.242574095660114,0.3975917223992118,0.697055663294783,15,1.8567833595879097,6,16.0,39.81413549605014,0.016851751341620404,1,0.009652739855208639,4,2025,1,0,0.9423140620637381,0.0,MAGNETITE,Horizon Global Music
3.988042262863271,5.042592094923603,2.3061959323576735,5.176432976570835,2.8318622979644608,4.147344035073131,4.118938425339901,0.7425593830625709,77.95442143366687,0.638222299886845,12.999449384415367,3.1340622710314596,66.00582405934344,5.9055220107597375,0.47608105800738476,0.5300235095266743,3,2.2514002301382496,7,19.61292109247599,38.66186227935985,0.029843891372862533,1,0.09988006609107743,3,2023,3,0,0.5541384501163579,0.23612938533008695,GRAVITON,Pulse Digital Studios
3.472285781141071,4.758549155853931,0.5645610160231371,3.665450425632917,1.913408267958931,5.619247192363699,2.514933458407314,0.38045124926144913,51.30401835994864,0.0,0.7451258834366596,2.8204508651635,15.388775799079795,3.299003962558458,0.0,-0.6506215135854289,0,1.0234086825963697,7,23.216306359585527,10.903180748162347,0.6,0,0.9085244289077086,2,2015,11,0,0.1552641610213665,0.6503513579383433,FAULTLINE,Ember Rising Records
4.452691982435757,5.137890604563422,3.313715059306875,4.291462389326105,3.632406863795449,16.419358070276566,4.464138301470044,0.8169562377560025,50.48556358925195,1.0,11.098687032808819,4.438914603457447,54.58070716852326,7.872253190232279,0.47194506371651024,0.6731805101710655,7,2.1796742981822117,7,16.0,45.03709822665604,0.02510776264695267,1,0.056099492732438826,5,2012,14,0,1.0,0.0,SHORELINE,Stellar Entertainment
